Label,wavelet.LLH_glcm_Idn,wavelet.LHL_firstorder_Median,original_shape_Elongation,wavelet.LHL_glcm_MaximumProbability,wavelet.LLL_glcm_Correlation,log.sigma.1.mm.3D_firstorder_90Percentile,wavelet.HLH_glcm_MCC,wavelet.HHL_firstorder_Median,wavelet.HHL_ngtdm_Contrast,original_firstorder_10Percentile
0,-0.038512279,-4.032799406,-1.40492672,-0.863772961,-1.406353717,-0.158108444,-0.232938399,-6.601347725,-0.230751997,1.005819751
0,0.218207736,0.572677343,-0.269368939,0.032587827,0.633596788,-0.329498669,-1.097680731,0.092081321,-0.770320305,0.686098029
1,0.0619642,0.012052821,0.865592252,-1.178090281,-0.854340513,1.54090128,1.031279348,-0.017330975,-0.033310664,-0.133418568
1,0.719183775,0.033313253,-0.213211484,-0.439982617,0.980806338,-0.231344586,-1.046709237,0.328081811,-0.772764966,-0.370453638
1,0.725911539,-1.273109623,0.916272973,-0.178444093,0.364879448,-1.518180289,-0.567718679,0.22268633,0.098065716,1.081156479
0,-0.213716687,-0.16932529,-0.3494247,-0.24673348,-0.624814053,-0.050878929,0.752940015,-1.003172367,-0.11397172,0.567580494
0,-0.272586089,-1.571827154,0.060512545,-0.946749419,0.235146312,-0.055904937,-0.687018164,0.633483599,-0.445761332,1.998059578
0,0.41892316,0.030999028,1.070313171,0.813655337,0.559868158,-0.956795074,-1.045869695,0.032212064,-0.469254018,0.768784682
0,-1.557885576,-0.48094003,0.690625681,0.907446434,-0.899137767,0.092877355,1.291990848,0.22034127,0.06540944,-0.550526792
1,0.224130547,-1.173825923,-1.347616086,0.307965067,-0.124052176,0.095894244,0.123540072,-0.753467413,-0.434060584,2.007246984
1,0.28685572,0.385404612,-1.170228112,-0.170916218,0.781575231,-0.50730846,-1.199035502,-0.002591288,-0.816172348,-0.021332217
1,1.092543907,0.42325288,0.188863384,-0.574816609,1.240451063,0.209617787,-0.979455684,1.178339087,-0.611801325,-0.16833071
0,-0.461868682,2.460511895,0.249303908,-1.364294703,-0.575378741,0.264611098,-0.193101178,-1.762428399,3.744820358,1.999897059
1,0.545299152,1.251902987,1.002007874,-1.258447655,0.803773193,0.525884301,-0.004823033,-0.325712186,-0.550926157,-0.409959483
1,1.155065528,0.439937889,0.296491394,-0.8194932,0.338245335,-0.068122283,-0.764016625,-0.2505115,-0.793910076,0.076973025
1,0.525164737,0.323470338,0.24941264,-1.654879129,-0.777703373,-0.345292821,-0.39647028,-0.683938832,-0.006689285,-0.175680635
0,0.565007087,-0.19937575,-1.93753947,0.988442917,-0.18971767,-0.105698093,0.793351378,-0.43832354,-0.646002728,-0.701200247
0,0.389196699,0.167825691,-1.596851948,-0.231105262,-0.285174486,0.541194797,0.471053121,0.467929247,-0.464237922,-0.710387653
0,0.841602005,-0.00365628,-0.633334038,-0.154772651,0.321826649,-0.738941976,-0.597231484,0.176527366,-0.786610186,0.189978116
0,-0.365517368,0.156664948,0.664250623,0.23226098,0.804269199,-0.818278155,-1.137487368,0.256593522,-0.654850905,0.088916652
0,0.042830191,3.072499244,-1.770178583,-0.401455405,-0.968346061,3.177509087,1.679855729,-3.156238598,0.184850762,-0.281335802
1,1.099646528,0.044940924,0.781716533,0.04059856,1.001428149,0.537894558,-0.509661237,-0.26764411,-0.255596886,0.246940032
1,-0.45977219,0.17285279,0.407825421,-0.293020651,0.196632331,-0.120105037,-0.263941631,-0.610209984,-0.577188458,-0.875760957
0,-1.720955158,0.606015334,1.018443878,-0.996051933,-0.080288608,0.966385488,-0.479837599,-1.070624253,0.590800829,1.540526769
1,0.918127484,0.123277577,1.170739417,0.119687381,-0.043353196,-0.470330949,-0.967445885,0.289823952,-0.457709031,0.003473778
0,0.978018453,0.351475954,-0.515245788,0.187168247,0.591503591,-0.501369095,-0.804746507,0.111960288,-0.422362632,-0.223455145
0,-0.085572788,-0.011524023,0.115641786,-1.165778645,-0.245380455,-0.460914499,-1.289362453,0.396303816,-0.42936531,-0.367697416
1,0.604415631,-0.719306019,-0.07823283,-0.557451556,0.429335599,-0.67244858,0.583591406,0.156218793,-0.225157706,0.833096522
1,0.765046014,0.570469574,0.228910009,-1.543404561,0.108448769,1.135159714,-0.393440239,-0.143127525,0.252096781,0.027361033
0,0.795598876,0.150981384,-1.511929771,-1.580617713,0.111801148,0.798769613,0.427558019,-0.692530784,0.208922251,0.052167029
0,-0.382506395,0.036090145,0.585658351,1.519125536,-2.382511307,-0.187095293,0.17218777,-1.471999314,1.909390899,-0.133418568
0,-0.156399156,0.156952751,0.036565134,1.17010199,-0.304463937,-0.522107686,0.678423615,-0.060989884,0.083880015,-0.934560354
0,-0.552910202,3.310315685,0.14053157,0.024899721,-0.641614583,2.545770985,0.306288674,-1.420842878,0.051788079,-0.583601452
1,0.326709301,-0.2803045,1.221020423,-0.951548156,0.709774918,-0.618923523,-1.014325952,0.077405502,-0.468519392,0.3865886
1,1.528280285,0.144598564,0.594589741,0.074159389,1.459871681,-0.832656567,-1.255396442,0.071798192,-0.799331528,0.970907609
0,1.114994127,0.136014448,-1.455373396,1.357400073,0.014297196,-0.545170705,-1.244164323,0.605811357,0.148771316,-0.101262648
0,-0.941159013,-0.406833493,-0.134455521,0.303590568,-1.678651511,-0.012757415,1.488980213,-1.889358139,0.868599686,-0.54777057
1,0.633148867,-0.835860059,0.606050626,-0.706220009,-0.851889453,-0.064338551,1.11005748,0.141966791,-0.158802075,1.262148373
1,0.552431368,-0.511144511,-0.469066831,-0.744952487,0.504368449,-0.596424082,-0.698801219,-0.168009832,-0.776487505,0.382913638
1,-1.930847473,-0.16760888,1.429612403,0.359572578,0.452099338,0.228808588,1.01746109,0.102477364,-0.187715727,0.615355005
0,0.267283952,-0.779025761,-1.765903682,-0.965635105,0.189179801,-1.012900486,-0.701684047,-0.748477205,-0.17609292,1.30441044
1,1.058393389,-0.428034793,-2.485490489,0.376178524,0.312017943,-0.929509482,-0.873931037,0.552936421,-0.546399802,0.557474348
1,0.754543216,0.197484151,-0.696118909,-0.543077895,0.958103764,-0.009943602,-0.213719484,-0.10405377,-0.580922209,0.29103958
0,-0.253850267,-0.781237274,-1.049951086,0.207717534,-0.058957286,-0.650967704,0.302333956,0.157113384,-0.663740985,0.125666275
0,0.20931036,-0.14032454,-2.037778363,0.620113681,-0.400307267,0.625593163,0.665284997,-0.217403528,-0.327224832,0.226727739
0,-1.492119997,0.255251102,1.367453958,0.633357331,0.116601517,-0.653157941,-0.983460417,-0.291818689,-0.252891022,0.271746028
0,0.391968098,0.519846631,-2.264700518,4.302287937,0.699904575,-1.091033222,0.230441622,-0.150517279,2.227392084,-0.73794987
0,1.745758772,-0.094856392,-0.339744358,-0.972025953,1.363273161,0.381938973,-0.626487472,-0.210150756,-0.77544798,-0.554201754
0,-1.552515435,-0.130129418,0.070951998,0.47401865,0.944529549,0.385693002,1.130086318,0.162690379,-0.519142827,-5.620137313
1,0.37403824,-1.518589469,-0.547710891,-0.697870452,-1.133187966,-1.117147892,-0.088996456,-0.176280073,0.072486141,0.131178719
0,0.579449091,-0.149561656,-1.624098592,-0.570068291,0.643848867,-0.476997469,-1.076824038,0.937710437,-0.570819218,0.18079071
0,-0.002923307,-0.158508894,-1.235270805,1.087162112,-0.504443245,1.776732452,1.841541906,-0.134951858,0.144149882,-0.449465328
0,-0.634170634,-5.604131745,0.791454602,-1.739781938,0.728484908,-1.622325127,0.174742061,3.183096306,1.027750312,-0.61116367
0,1.001642699,0.444471466,-1.880838296,-0.430599507,1.012684165,0.013492116,-0.993498878,0.427775093,-0.792907258,-0.131581087
0,0.771102389,0.963701666,-0.05524994,-0.68753786,0.73054723,1.331682813,-0.319394517,-0.053319783,-0.49805375,-0.048894435
1,1.583989454,-0.440698563,0.699179928,-0.973779093,1.248983566,-0.169401891,-0.096309478,-0.114366323,-0.859490211,0.934157986
1,0.798564668,-1.001383457,-0.229705299,-0.559436382,0.982556844,-0.099199027,-0.612122473,-0.044622297,-0.89991278,1.650775638
0,-1.721644428,-0.334367161,0.532001329,0.832177436,-0.104991529,0.744789651,2.48384971,0.070096426,0.20652791,-2.207934798
1,-0.285495116,-0.134418123,1.091100679,0.184429141,1.080171596,-0.576196428,-0.377086291,-0.130445042,-0.678871649,0.29195832
0,-0.20258699,-0.879055433,-0.023596183,-1.649768556,0.486828288,0.419725955,-0.850125698,1.076282583,-0.150045058,1.09953129
1,0.788075751,-0.707270522,0.453887127,-0.881011085,0.121290434,-1.141217359,-1.172298605,0.622010276,-0.543682057,1.702225111
1,0.15092793,-2.318956416,-1.012438478,-1.897907009,0.834017824,0.662053943,-0.575933458,0.460091371,-0.613223387,0.802778083
1,0.877190398,-0.772872003,1.000049126,0.114976514,1.000673203,-1.037322265,-1.111827331,0.7986922,0.141320314,1.375153464
0,0.867792073,0.098386465,0.09370519,0.333349102,0.974338188,-0.698668706,-0.869881121,0.388325041,-0.365277095,-1.050321667
0,-0.655648741,-0.097878225,0.479154677,1.620060044,-0.907612795,-0.425128972,1.190776696,-1.168499015,-0.477836251,0.217540333
0,0.472222291,0.202948502,0.676993015,-0.098490683,-0.800180511,-0.120227067,-0.139270096,-0.078156739,-0.024079555,-0.150874639
0,-2.184782063,-0.030403055,0.783604882,1.352320358,0.024375943,-0.210711725,1.828851511,0.080040882,2.575616004,-3.613607886
0,0.315173079,-0.4426652,-0.392837288,0.849158569,-0.035260927,0.222408182,0.936232095,0.4992543,-0.447461522,-0.324516609
1,0.448907928,-0.158207343,0.610012384,-0.809000244,0.661721501,0.946060319,0.668402618,-0.018681578,-0.633106055,-0.076456652
0,-1.142041115,-0.486018502,1.319793426,0.162302101,-1.691589821,0.023222859,1.08132953,-0.228857802,0.049383102,-0.388828449
0,-0.623603102,3.119741531,0.374751114,-1.785169562,0.230348296,1.44398072,-0.776351186,0.098699376,-0.400133603,0.144041087
1,0.920911993,-0.106506675,0.989874115,0.747387537,1.047403644,-1.151438787,-0.73948303,-0.360350706,-0.437192043,0.079729246
1,-0.593775517,-2.715142739,0.909109277,-1.153426437,-1.893213141,-1.592367122,-0.185605549,-1.279531098,-0.026261555,0.761434757
0,-0.546513143,-0.228826099,-0.100723168,-1.026508474,-0.916215062,-0.278028813,0.937338015,-0.393329129,0.209601148,-0.554201754
1,1.912142636,0.075253042,0.85690252,0.121727984,1.133783454,-0.633358164,-0.694725301,0.177615266,-0.922832405,0.309414391
0,-0.189865608,1.040544943,0.674471401,0.427467932,0.587119779,2.546133025,-0.657170013,0.378646414,-0.498845168,-0.84819874
0,-0.018036699,-0.001740048,-0.364223076,1.441885467,-0.35936998,-0.208415749,-0.770080039,0.09695787,0.137808233,0.033792217
0,0.476990116,0.22861056,0.257984493,1.574367285,0.605294579,-0.32724372,0.475796798,-0.415844163,-0.246180905,0.167928342
0,0.978221378,-0.530637368,0.967692797,-1.255725061,0.532235825,0.792335225,-0.397916617,-0.837262089,-0.469129098,-0.710387653
1,-0.511420735,0.008891305,1.561528133,0.005013228,0.453729909,-0.115027289,-0.494635927,-1.166779852,-0.715159424,-1.259794519
1,-0.26307131,1.21053341,0.063893649,-1.194277807,-0.132600837,0.95599511,0.689248714,-0.291607965,-0.024822355,-0.443952884
0,-2.604990764,1.440328176,-0.314643518,0.84622841,-2.637429683,4.880359572,-0.709882601,-0.981086992,1.093488792,-0.765512087
0,-1.7834454,1.708357065,-0.311547865,-0.952216804,-1.535797791,0.512152825,-0.350026714,5.846110208,3.927212039,-1.016328266
0,1.161002172,-0.111372005,-0.458590641,1.642210721,-0.003776567,-0.771577556,1.094476527,0.05879863,2.630662874,-0.535826942
0,-0.000551541,-0.067999881,0.226013725,0.522043914,-0.838393613,-0.769447236,-0.30351128,-0.298107407,-0.31842977,0.438038073
1,1.213037095,-0.25975143,-0.69311804,-0.515183632,0.937509599,-0.796760542,-0.703963547,0.034198486,-0.88081521,-0.526639536
0,0.528935192,0.107141521,1.443594809,0.373857898,0.476483234,-0.743114229,-1.053024805,-0.036007216,-0.847850297,0.25888366
0,-0.864393156,0.050328595,0.931391786,0.941500887,-0.614765664,0.148148133,0.299756561,0.249062772,2.573460471,-0.45314029
1,-0.254223147,1.073373917,0.761770426,0.539398382,0.851865737,0.918215898,1.787283418,-0.201232499,-0.194283482,-0.260204768
1,1.400674114,-0.170544484,0.682915908,-0.286050064,0.640327061,-0.967586497,-0.74599245,0.135814002,-0.442179787,0.762353497
0,-0.326962555,1.009324225,-0.097925968,-0.857073555,0.310807699,0.307502598,-0.485387119,0.870935085,-0.668013916,-0.287766986
0,-1.167162958,-0.483252918,-0.761905243,-0.018509875,-0.951771654,1.011606014,1.510524061,-2.980500631,-0.158668739,-0.627701
1,-1.671084449,3.836652068,-0.778685619,-1.427344822,-0.001835947,0.95295683,-0.407026898,2.40606155,0.471588409,1.546039212
1,0.728553952,-0.334609501,1.006213283,-0.287245046,0.573040344,-0.762196404,-0.830861226,0.226644319,0.089521435,0.934157986
0,0.467447332,1.438981616,0.039998218,-1.020557626,-0.473205557,0.375078767,1.243632882,-1.375149942,0.482030089,-1.33972495
0,-1.060668954,-0.07708407,0.818708624,2.052345237,-1.626613036,-0.783272379,1.735981956,1.22275119,2.484899178,0.234996404
0,-0.18250386,-0.29113704,-0.352463414,1.535257624,-1.793102915,-0.003304769,1.243712776,0.217442253,2.49546049,-0.113206275
1,1.769660654,-0.43180785,1.066426626,-0.435066254,1.338628952,-0.589213476,0.246087018,0.081575204,-0.658637286,0.713660247
1,0.976861491,0.079648034,-0.636657137,-0.073665908,1.268548538,-0.812081581,-1.098618051,0.186925302,-0.273243345,0.300226986
1,1.135126759,0.409920785,-0.686854777,0.088981699,1.241743267,-0.558822635,-0.869735659,0.168537938,-0.683707794,-0.398015855
0,0.284038241,-0.117227758,-1.159613178,-0.493640517,0.359327459,-0.181122952,-0.475346293,-0.332288591,-0.552457032,0.48121888
0,0.961508686,0.540562979,0.699270111,0.280099812,0.235173372,-0.436311085,-1.281285031,0.282889659,-0.979353936,-0.710387653
0,-3.553984251,-0.113127407,0.404445134,2.009429337,2.177872392,-1.689523198,-1.234306946,0.185283482,2.791268136,-0.664450624
1,0.427496771,0.033548345,-0.141372418,-0.932256002,1.443624933,-0.323481424,-0.751582286,0.174177952,-0.90508412,-0.299710613
1,1.428052908,-0.069774036,-0.662512788,0.631140409,1.414029533,-0.980019062,-0.885444974,0.201320264,-0.835252659,0.254289957
0,-2.196386152,0.807423144,-0.211915094,-0.025268869,0.963981631,0.809720071,-1.101717685,0.046969325,-0.827099849,-0.352078826
0,-0.775530744,1.234188385,-0.693315116,-1.773908281,-0.375172646,1.072297743,1.250057973,-0.031507115,1.295451952,-0.416390667
1,0.078240049,0.04939989,0.254873788,-0.635801049,-0.502449106,-0.022133962,-0.231741306,-1.38942839,-0.085921776,-0.452221549
1,1.537330072,0.071322079,-0.669443331,-0.702947373,0.948151283,-0.619050589,-0.820123399,0.525958694,-0.687870391,-0.186705522
0,0.279278273,0.20392469,1.627089705,-0.951152828,-0.027567661,0.360100842,0.400465766,0.890047559,0.186385497,-0.793074305
1,0.337374102,-1.765080448,-1.736337393,-0.845598734,0.644931858,-1.045044312,-0.463661391,-0.534292985,-0.89204062,2.653121611
0,-0.289008999,0.020238693,-1.589648921,0.849707317,-1.104713849,0.782444601,1.390446703,0.034488956,0.067094923,-1.126577135
0,0.180822081,-0.480183979,0.812136689,-0.974946531,0.30332876,-0.387370946,-0.640619564,0.393867485,-0.466652379,0.438038073
0,0.009709723,0.120608151,0.888654293,0.311963714,0.300361687,-1.084385353,-0.864459282,-0.286205296,-0.397441898,0.11647887
0,0.625191647,1.288205788,-0.879250943,-1.234858771,0.458086239,0.60744892,-0.738903011,0.304298962,-0.571356392,0.373726232
1,1.324034061,-0.393361076,0.227539149,-0.736285505,0.945775258,-0.478760964,-0.927079045,0.290823635,-0.718189726,1.908023001
0,-1.287639758,0.236550228,1.479163833,1.123162125,-1.503681847,1.692772064,-0.736899428,1.373592698,-0.676374176,-1.142195725
0,-0.463055625,-0.070926556,-1.058216534,0.10475481,-0.317495658,2.661680746,0.879208648,-0.774540224,-0.421888784,0.017254887
0,0.419344338,-0.731804092,-0.679068208,-0.302661515,-1.274425171,0.546562371,1.780775522,-0.086339102,0.117792502,0.205596706
0,-1.239417129,-0.015596102,0.018195613,1.085102953,-1.565542797,-0.858488971,-0.594859878,-0.271189217,2.641987041,0.917620655
0,-0.439075224,-0.035641944,-0.767025719,0.959378628,-0.183254527,1.189264928,1.848978845,0.31239417,0.197696415,-0.600138783
1,0.220676819,0.159118873,0.644401254,0.203007115,1.411816197,-1.154620972,-1.402298628,-0.401505876,-0.209644901,0.052167029
0,0.810617264,0.237022068,0.316894812,0.110302335,1.125897285,-0.410473418,-0.85951126,-0.149119469,-0.351530328,1.113312399
0,-0.209874654,0.82452653,0.417472942,1.589901453,-0.204926598,0.558850419,1.857852809,0.182554846,-0.438169093,0.134853681
0,-2.4458333,0.628877844,1.228836472,-0.748809229,0.978739839,-0.451057455,-0.766499334,1.134765365,-0.559229563,-0.146280936
0,0.75150787,-0.40352973,-0.382982886,-1.512260852,1.048423424,1.553350954,-0.535676449,0.035785969,-0.613625614,-0.251017362
0,-1.322138477,1.514579571,1.204284332,-0.070753628,0.528018915,1.201080925,-1.22273906,0.185257287,-0.737297628,-0.545014348
0,0.860897486,0.625391968,-1.271426901,-1.463436176,0.372544451,0.674966727,-0.70795375,0.215600004,0.236782947,0.153228493
0,-1.050577453,0.997809159,1.007343404,-1.333915701,-0.278123535,-0.071823798,0.284483291,-1.20732881,-0.521669835,-0.605651226
1,-0.137846834,0.047982396,-1.660140955,-1.28051674,0.359122031,-0.413353679,-0.341306125,-0.03702327,-0.261650926,0.29103958
1,1.274610414,-0.041700019,0.431756637,0.520136845,0.404809802,-0.664931183,-0.884934321,-0.065166432,-0.469338006,0.272664768
0,0.418873513,-0.238140037,1.297314185,-0.871311892,0.07291076,2.059531777,-0.276531677,-1.679181116,-0.095300351,-0.042463251
0,0.508067547,0.231827644,-0.292025894,0.133385958,0.967509746,0.652911524,2.347135767,0.257410749,-0.316700865,-0.297873132
0,2.100817562,0.128719297,-0.231319034,-0.393404391,1.638857848,-0.230567633,-0.570028707,0.186111661,-0.987004032,-1.169757943
1,1.031754862,-2.08750836,1.133160821,0.178251471,0.99816459,-1.363958006,-1.488962958,0.790696683,-0.419420816,1.167518093
0,-1.078673475,0.148713653,-0.109820595,0.135035383,0.00216572,-0.103936703,-1.181290495,-0.246555545,0.014925328,0.410475855
0,-1.56799978,0.576366618,0.262275651,1.448779349,-1.253144307,-1.228398536,-0.88876129,-0.485874594,2.583866751,-0.407203261
0,1.267155349,0.2095609,-2.01487837,-0.400167292,0.632269169,-0.634795933,-0.818067379,0.010020977,-0.798806782,-0.379641044
1,1.705537033,0.121416372,1.122223718,-1.065536059,1.321072046,0.016501665,-0.663835867,0.383057699,-0.819431734,1.650775638
1,0.969905689,0.211925428,-1.302773082,0.287170861,1.040411949,-0.749222704,-0.855482173,-0.033362916,-0.844905625,-0.131581087
0,0.857789743,0.850882986,-0.403740598,-1.177129948,1.026687134,1.064310492,0.19022253,0.08298891,-0.778891296,-0.434765478
0,-0.25966853,-0.25649345,0.502278206,1.660032213,-0.407015237,-0.54070921,0.329109531,-0.097629098,2.631294186,-0.551445532
0,-0.820105974,-0.399174841,-0.465144292,0.408982255,-0.71358983,-1.335658965,0.763949575,0.398732068,-0.146847326,0.163334639
0,-0.132064142,0.091846768,0.377380193,1.090503214,-0.260174592,-1.0425594,-1.011831692,-0.821536917,2.791815368,-0.050731916
0,0.865335088,0.4002034,0.458162182,0.036232226,1.323373809,0.259933907,-0.824998179,-0.042959675,-0.618264399,0.934157986
0,0.797746604,-0.137418903,-1.122517825,0.456438182,0.311374349,-1.072994052,-1.010243747,0.170271611,-0.42596882,0.787159493
0,0.346105088,0.09781491,0.123360367,0.497210682,0.072463759,-0.771160952,-0.802729417,1.0887464,-0.149067825,0.125666275
1,-0.78945859,-0.556560803,-0.269375922,-1.425090146,-0.199801174,0.95744442,0.357964423,0.730187703,-0.359141012,3.169453817
0,-0.618774014,-0.185445468,1.447623535,-0.002157146,0.65015837,0.062157919,-0.134313478,0.049015325,-0.690597222,-0.335541496
0,0.357309593,-0.176982917,0.582594183,-0.331131682,0.79530338,-0.796892376,-0.68808213,-0.156816611,2.443774162,-0.765512087
0,-0.857325095,1.262231608,0.762825974,-0.124339867,-2.109304948,3.230663361,1.322728566,-0.280611127,0.280537769,0.169765823
1,0.528127926,-0.434959994,0.572077014,0.012229834,0.205829473,0.524227651,0.766257579,-0.897401401,0.597037765,-0.673638029
1,0.800852275,0.010142234,0.514713477,-1.709249745,0.458761422,-0.096952579,-0.037631926,-0.797350159,-0.55179816,-0.45314029
0,-0.066087684,-1.274405328,0.18652141,-1.143059963,-0.762510181,-0.539139526,-0.801573823,-0.585855914,-0.365173386,0.208352928
1,-0.306666282,-3.119888981,0.991948401,-1.614555883,0.24103131,-0.934952346,-1.002494678,-0.595322137,-0.180144394,-0.361266232
0,0.221119639,1.421892076,-1.211540157,-1.295658472,-0.705696838,0.699754174,-1.262832119,-0.615016992,-0.30232859,-0.56338916
0,-0.240961146,0.635132662,0.936294911,-1.483929033,0.862643873,1.817018019,1.645826492,0.952341837,-0.18064091,0.311251873
0,-0.861884259,-0.196375206,-0.043881792,0.619786276,-1.039303932,0.342338842,1.162709785,-0.771133741,-0.160341246,-0.600138783
0,-0.789487221,2.695441642,0.911664781,-1.011481756,0.142034741,2.097834797,0.14365541,1.206917447,0.126748582,0.463762809
0,0.458864804,0.219802344,0.704879025,1.933502843,0.249783612,-0.049792001,1.210578098,-0.737495026,0.197491549,0.763272238
1,-0.115045808,0.699147537,-2.669236186,-0.30343654,0.868826352,-0.034880658,-0.908593424,0.355123582,-0.717140812,-0.058081841
0,-0.443356752,0.043900981,0.182343911,1.072586825,0.709693709,-0.809102363,-1.100796612,0.327851614,0.175911607,1.018682119
1,0.550515967,-0.320046394,-0.048076257,-1.334650675,0.857206783,0.265905565,-1.21332097,-0.557755135,-0.51865026,0.998469827
0,0.247346677,0.56158129,-0.105282431,-0.641098611,-0.49537171,1.115317569,0.614227981,-1.55812343,1.087603246,-0.315329203
1,0.128215452,-0.051476701,0.823877827,-1.008921825,-0.703669011,1.396411486,0.993614418,-0.142406703,0.05627454,-0.210194631
1,0.639610467,-0.099658895,-0.837288918,-0.358669202,0.723616234,0.012989928,-0.140640219,-0.244772307,-0.54909942,0.662916886
1,0.568640363,0.31383771,-1.22490806,0.018062494,0.888355431,-0.607107482,-1.057306409,-0.01528578,-0.828025941,-0.066814158
1,0.55280819,1.228617514,0.975590107,-1.268185006,0.780013046,0.54670404,-0.018102592,-0.319473029,-0.52348581,-0.395015667
1,1.12048241,0.193447938,0.599286431,-0.282770151,0.752091298,0.310050398,-0.605291236,-0.261202763,-0.457986503,0.183037534
1,0.229910319,0.142409607,0.253020469,-0.981639737,-0.595860569,-0.131802532,-0.287644434,-1.150010441,-0.0590331,-0.358373444
1,1.116188838,0.162845659,0.636879112,-0.216134784,0.8034712,0.357001383,-0.585585124,-0.262530107,-0.41628084,0.19620568
1,-0.482814388,0.099703914,0.922532011,-0.160057454,0.311332432,-0.117839679,-0.366862317,-0.858515007,-0.638742067,-1.047091581
1,0.97075724,0.193615605,0.97654747,-0.088927681,0.041409205,-0.380990531,-0.922259253,0.169802184,-0.532387536,0.019799765
1,0.935510248,0.146509098,1.106600935,0.050785175,-0.015357536,-0.440823243,-0.952521466,0.250182689,-0.482374143,0.00886599
1,0.617898372,-0.773997665,0.24285933,-0.627259446,-0.171864556,-0.387099926,0.830629571,0.149531205,-0.194021088,1.03442418
1,0.802555072,0.557916046,0.235409463,-1.473784369,0.130548824,1.019437364,-0.429079408,-0.153454884,0.151499937,0.032132331
1,1.075021603,0.370340987,0.38582848,-0.832253648,0.374146176,-0.121346115,-0.788203974,-0.218824934,-0.762467628,0.106891126
1,1.497969154,0.12233766,0.575132738,0.127449444,1.333801843,-0.812614982,-1.21112975,0.055432225,-0.759900448,0.887474245
1,0.683217396,-0.572804079,0.816055739,-0.486342209,-0.104087183,-0.430573917,0.091464553,0.186405505,-0.028482052,1.090019222
1,0.617742086,-0.779192703,0.60638192,-0.714814801,-0.725316757,0.020154038,1.073124973,0.128532892,-0.198464799,1.150210199
1,0.941574937,0.03053033,-0.622723902,-0.129475778,1.205015625,-0.794152104,-1.065377813,0.157416469,-0.315082393,0.307101444
1,-0.591509362,0.142363897,0.499328099,-0.234579872,0.219509815,-0.088859258,-0.149189944,-0.546387679,-0.542310544,-0.74222911
1,-1.506538079,-0.11484766,1.469045987,0.253584111,0.452586765,0.126025691,0.565449759,-0.276941838,-0.34538453,0.054816347
1,0.372648288,0.230678298,-2.592869475,-0.020981126,0.63741072,-0.40669813,-0.894187359,0.43733675,-0.646178991,0.197750008
1,1.267588157,-0.225290722,-1.453845482,0.520464521,0.935659556,-0.958093461,-0.880446913,0.353952609,-0.709865108,0.385898654
1,0.7328347,0.096693346,-0.399643537,-0.479783754,0.972041744,-0.14587015,-0.725123812,0.161250822,-0.698701829,-0.115076453
1,0.544677628,-0.554932445,-0.472485043,-0.742906097,0.433193135,-0.619057,-0.672296456,-0.168369293,-0.739587423,0.371972145
1,0.434161896,-1.30999329,-0.425186986,-0.661224072,-0.725402161,-1.001090719,0.086534838,-0.089504858,-0.005192647,0.314364511
1,-0.168561593,-0.06660655,0.987906222,0.188720939,1.156786613,-0.709821419,-0.613926152,-0.193064275,-0.570473033,0.236562834
1,-0.015478461,0.022168744,0.852809545,0.194339533,1.257086908,-0.884756128,-0.923984265,-0.275042035,-0.428563348,0.164042018
1,0.530511846,-0.420115551,-0.096354025,-1.362848336,0.856045901,0.28573749,-1.181412164,-0.506799844,-0.523384767,0.988673134
1,0.496434546,0.537061083,0.803289521,-1.030604602,0.731761451,0.738888502,0.336462252,-0.170065965,-0.592586468,-0.240893422
1,1.112121539,-0.071472164,0.688155522,0.624535697,0.700017086,-0.888432529,-0.818114072,-0.200773937,-0.454570167,0.184030288
1,0.582877133,0.096452292,1.262385192,0.092794584,0.073220197,-0.387006948,-0.856564907,-0.051771337,-0.518084983,-0.292781455
1,-0.248332338,1.156187434,0.100247257,-1.193543772,-0.165328649,0.982518106,0.704758342,-0.279170675,-0.025207264,-0.429871479
1,1.258427124,-0.213412356,-0.689804383,-0.541464194,0.938999074,-0.771887169,-0.720221991,0.103028254,-0.853809472,-0.479060292
1,0.302940438,0.09746451,0.641516809,-0.529077524,0.701194763,0.940279917,0.90067826,-0.056578495,-0.542008063,-0.114602102
1,-1.624712384,3.743150171,-0.835026594,-1.393850828,0.024110972,0.923517931,-0.421974262,2.344940813,0.436162664,1.498234226
1,-0.892498193,-0.043106139,-0.328901251,-1.42535366,-0.176664082,0.956919935,0.268556426,0.926054661,-0.262049906,2.979718008
1,1.180292303,0.082565707,-1.008757993,0.44512574,1.211981556,-0.855207117,-0.869241445,0.074406372,-0.840472869,0.045615454
1,-0.162778772,0.104704343,0.323393088,-0.482242224,-0.189274477,-0.066023062,-0.246166414,-1.040353987,-0.305999513,-0.64195881
1,0.529234404,-0.646399218,-0.605759865,-0.755808607,0.519530199,-0.644814112,-0.673438067,-0.207518645,-0.788951541,0.627787641
1,0.029554222,0.0482839,0.813067962,0.195992363,1.286592389,-0.936216922,-1.015194503,-0.29915755,-0.386817573,0.142708466
1,0.233815996,-0.253065338,-1.018837234,-0.992155721,0.437326289,-0.511923304,-0.533790312,-0.107549669,-0.538851653,0.340506841
