Label,wavelet.LLH_glcm_Idn,wavelet.LHL_firstorder_Median,original_shape_Elongation,wavelet.LHL_glcm_MaximumProbability,wavelet.LLL_glcm_Correlation,log.sigma.1.mm.3D_firstorder_90Percentile,wavelet.HLH_glcm_MCC,wavelet.HHL_firstorder_Median,wavelet.HHL_ngtdm_Contrast,original_firstorder_10Percentile
0,-0.912484148591356,-0.0903766511068977,-0.1155143382813691,2.345657252681953,-2.1726745247006343,0.0821300444687549,0.8935597645380532,-2.3400146502504877,-0.0369506420501106,-0.5174521306842028
0,-0.8643931561255558,0.0503285954764157,0.9313917863045454,0.9415008874587812,-0.6147656639612742,0.1481481325990953,0.2997565606648489,0.2490627715837776,2.5734604712633744,-0.4531402900748081
0,0.8416020046064003,-0.0036562802992869,-0.6333340382791066,-0.1547726506240285,0.321826648772309,-0.7389419758660777,-0.5972314837186458,0.1765273664482406,-0.7866101862343952,0.1899781160191389
0,-0.4442134716357485,-0.1937786005061066,-0.6012436459819768,0.2411676196600904,0.4530288614204739,-0.9611538970575508,-0.0748326877198116,0.2758216581180029,-0.3508223207683978,0.0613544348003494
0,-0.2740964112851201,1.4989558044810078,1.4464746788881997,0.4827346235966934,0.3702050068573123,0.6261449117368336,0.0430271109471225,1.1556609060515184,-0.4112640549828241,-0.2932794291314556
1,1.0996465276086531,0.0449409238722154,0.7817165327425107,0.0405985595329123,1.001428149478176,0.5378945582103162,-0.5096612369092812,-0.2676441103456984,-0.2555968857387462,0.2469400319874599
1,-0.2542231474878206,1.0733739168623972,0.7617704256079111,0.539398382088803,0.851865737318279,0.9182158979441216,1.7872834179688804,-0.2012324986871578,-0.1942834820811742,-0.260204768246624
0,-0.6374309803013877,3.581443827310538,-1.647503843939107,-1.6899621277574657,-0.7455255612717492,1.7179505876167531,-1.146528703812349,0.0774176312406281,-0.745600457430468,0.1348536812110863
0,-0.2216698581573811,-0.495063358659262,0.3460942324839439,-0.4502809278879585,-0.0177214383502161,0.7566192658406223,1.3748996542681964,-0.7638149936958254,-0.017752187895974,0.8055343047090596
0,-0.5208968571653138,-0.3214206265409343,0.3558792390154672,0.6587803539248213,-0.2968300058073607,-0.5620160466370658,-0.3498075424419559,-0.2918968283674335,2.556850771433276,-0.5358269422868871
1,0.6845739531150205,0.0430127107342129,-2.4151579451141165,-0.5048046620514487,1.1613494858458615,0.7825720272009629,-0.0751805289296567,-0.1730221453036567,-0.4365722476827661,-0.6065699669572212
0,-0.5592400200528373,-0.2656849763557832,1.0835201458453716,0.7475611705811229,0.1929249322440399,-0.0119123679934949,1.5335084583129033,-0.0317071616838833,2.4882594779225413,-1.2855192556764024
1,-0.4208457019858416,-0.5057698701900549,0.4907591576767395,-0.9006393173834268,0.560586094678989,-0.363103997541092,-0.7584742804771154,-1.5819615944441732,-0.0246942148768265,0.2451025508271914
0,-1.307682109666814,-0.5217049831889431,1.0325723974505971,0.6212974126555628,1.1046378369851126,0.4070243421635212,0.6743808273840303,-0.080379661841714,-0.4870052500704011,-4.280613546913927
0,-0.6341706336707301,-5.604131745417269,0.7914546023847447,-1.7397819381591508,0.7284849081888927,-1.6223251265775225,0.174742061471791,3.183096305738575,1.0277503122619949,-0.6111636698578923
0,-1.0786734747882565,0.1487136526660802,-0.1098205950605616,0.1350353828783086,0.0021657204592831,-0.1039367026223766,-1.181290494923819,-0.2465555445815111,0.0149253278773228,0.4104758552513493
1,1.7980904176563726,-0.1133940685133426,0.1546696489841438,-0.5276517007489192,1.7482194858767035,-0.6845819102213861,-0.6737132090108292,0.1411763258031816,-0.933404322091254,0.8330965221130859
0,-0.9908384611666248,0.2164790920126966,0.953902303316448,0.4740352224465902,-1.8078037199754475,2.284808063947756,1.1417564967879137,-1.720250023753129,0.4354470361622033,-0.1040188696238083
0,2.1008175620041447,0.1287192968584014,-0.2313190336320058,-0.3934043911335466,1.6388578483853835,-0.2305676326633508,-0.570028707092354,0.1861116610010232,-0.9870040315606704,-1.169757942579492
0,-0.8201059736966397,-0.3991748413908135,-0.4651442921719738,0.4089822545599325,-0.7135898302310277,-1.3356589654669873,0.763949575092321,0.3987320684945289,-0.1468473257913153,0.1633346391952467
0,-0.3655173675736915,0.1566649483520373,0.6642506225278296,0.2322609804662259,0.8042691992749051,-0.818278154862552,-1.1374873677747492,0.2565935216572734,-0.6548509049092344,0.0889166522043757
0,-0.7894872212893891,2.695441642264387,0.9116647814420475,-1.011481756034924,0.1420347414932447,2.0978347970559,0.1436554104594907,1.2069174469844897,0.1267485815841666,0.4637628088991334
1,0.4489079276607266,-0.1582073431600378,0.6100123841479094,-0.8090002439184494,0.6617215009336551,0.9460603193708952,0.6684026178323181,-0.0186815783102964,-0.6331060553240301,-0.076456652219782
0,-0.2725860891236353,-1.5718271538865096,0.0605125450594755,-0.9467494192239104,0.2351463117580361,-0.055904937361952,-0.6870181637113815,0.633483598786574,-0.4457613318919247,1.9980595777232644
0,0.0428301906981817,3.072499244486246,-1.7701785834519916,-0.4014554052661592,-0.968346061395928,3.1775090871695304,1.679855728960292,-3.1562385983322083,0.1848507618197838,-0.2813358015897108
0,-1.1326398007330212,0.108632761301208,0.2532717677931829,1.4914595718832169,0.009947561976853,-0.8898196328413874,1.7617025814495273,0.4316054856077088,2.312298631009744,-2.364120696753965
0,-1.3221384772762037,1.5145795711632015,1.2042843324892922,-0.0707536276105356,0.5280189147886447,1.2010809246356289,-1.2227390597511762,0.1852572871662853,-0.7372976282230103,-0.5450143480882291
0,0.1276680337599327,-0.0342627659509069,-1.5067306457213647,0.3135330228071955,-1.3263220157818925,2.1590764215886944,1.8782336276044196,0.2429381901293136,-0.1642148365480891,-0.0856440580211241
0,-0.2596685303163608,-0.2564934498594319,0.5022782057721299,1.660032212709759,-0.4070152370897777,-0.5407092097192514,0.3291095312482403,-0.0976290982541885,2.631294186061837,-0.5514455321491687
0,-0.209874653710548,0.824526530248952,0.4174729415758908,1.5899014530821618,-0.2049265981851476,0.5588504194826162,1.8578528091087716,0.1825548461967434,-0.4381690928653204,0.1348536812110863
1,0.810117422206593,-2.580281797646226,0.186699890188115,-1.0407610610376603,-0.1504513613652733,-0.5178683100019178,0.3334875848257873,0.787575429170761,0.3026209123884822,1.577276392021796
0,1.7457587717966505,-0.0948563920505954,-0.3397443575864944,-0.9720259526204886,1.3632731613583282,0.3819389726481591,-0.6264874717067577,-0.2101507562255093,-0.7754479798185426,-0.5542017538895713
1,0.9209119933639514,-0.1065066754929625,0.9898741149524432,0.7473875367450181,1.0474036442979702,-1.1514387867592255,-0.7394830304257651,-0.3603507062756183,-0.4371920427616145,0.0797292464030336
0,-1.7216444281871366,-0.3343671606089181,0.5320013286986685,0.8321774364112533,-0.1049915291480751,0.744789651137655,2.4838497095182817,0.070096426237151,0.2065279101040285,-2.207934798131149
0,1.4122725626712955,-0.0670178580518697,0.3559367946272619,-0.8520903097302442,1.4151143629891376,0.233160440397762,-0.4296741422228185,0.232709406281314,-0.8728007185634471,0.0613544348003494
0,-0.9456873285742292,-1.3264478047192745,-0.8052939044696737,1.5938077910153772,-0.7985575365066179,-2.602735511151018,0.4408040110351489,0.8773590584044274,2.4694270301283945,2.500610675056677
1,1.4132349869579588,0.046335913889704,0.2966955128696246,-0.1217504320384861,0.5151366415218045,-1.0307774499046218,-1.210471034318464,-0.1730159848990384,-0.4180800080419166,0.8698461453184543
0,-1.1275755894003994,-0.16316913946717,0.9595025627773432,1.4029587056148891,-1.1374855981832703,-1.323054886104356,-0.1995346141685058,0.443568934439966,2.7049515910171844,-0.9584476091486236
0,-1.492119997130304,0.2552511019300482,1.367453957972808,0.6333573313436793,0.1166015165865527,-0.6531579410960219,-0.9834604171927452,-0.291818689148545,-0.2528910215341433,0.2717460276510836
1,0.8771903984834815,-0.7728720032020918,1.000049126221294,0.1149765135960073,1.0006732034051693,-1.0373222648817615,-1.1118273306975162,0.7986921997055516,0.141320314245162,1.3751534643922698
0,-0.5331129023216606,-0.1587104327421084,-0.6684336288842809,0.572864471371157,0.0485154766009381,0.255201593222549,0.3834026620035063,-0.0107862132834029,-0.6849238653367253,-0.2785795798493082
0,-0.8079270431143812,0.7223468268908326,-0.1557248542132803,0.5646873144460894,-1.8237983950870764,2.24059629889119,3.479457751929388,2.8021276416604888,1.1079072852021117,-0.6699630669864817
1,-0.1792462129534402,-2.805464309701065,-0.1947699015079063,-1.604959256284176,-0.1846024458991922,0.0656936163010951,0.1572682195249179,0.8384274669467112,-0.3887357178105713,1.5037771456110594
0,-0.8618842591182355,-0.1963752060056865,-0.0438817920405996,0.619786275710618,-1.039303932208847,0.3423388420758192,1.16270978546585,-0.7711337407682244,-0.1603412464482534,-0.6001387828962818
1,-0.5866478315936323,-0.0815142269272095,0.8377750207408478,0.2403165429005227,0.6820344444070392,0.0049942224110213,0.3138334422497977,-0.0354024419083836,0.2770685027424841,-0.4072032610680976
1,0.6044156312355498,-0.719306018718747,-0.0782328300338092,-0.5574515564601069,0.4293355990156002,-0.6724485800125892,0.5835914064779686,0.1562187930983777,-0.2251577062452024,0.8330965221130859
1,0.3267093011067867,-0.2803044995344079,1.221020423490281,-0.9515481557213568,0.7097749179027187,-0.6189235229683904,-1.0143259524356445,0.0774055021886895,-0.4685193916114193,0.3865886001678599
0,-0.2549287100013788,0.247884145581452,-2.118029128250264,0.5916447719217611,-0.0585107937039359,0.1947330706361941,0.448833567336064,-0.7746968932317675,-0.3589676563300414,-0.1784368566146793
0,-1.3954313741620892,-0.187518312396146,0.4111211625753176,0.3622093950040836,0.0587467405164719,-1.1404155702815502,-0.3713564156768814,0.2426023027825248,-0.252077998191021,-0.3704536378627292
1,0.7259115391199248,-1.2731096234735335,0.9162729727075812,-0.1784440931948599,0.3648794475023892,-1.5181802889294824,-0.5677186794512639,0.2226863296717003,0.0980657160467124,1.0811564787493226
1,1.0583933893099742,-0.4280347934846037,-2.485490489493033,0.3761785238068916,0.312017943499939,-0.9295094820095192,-0.8739310368942861,0.5529364212016606,-0.546399801953736,0.5574743480728229
0,0.625191646796507,1.288205787621043,-0.879250943390856,-1.2348587709161103,0.4580862390262429,0.6074489197001577,-0.7389030108362951,0.3042989618311586,-0.5713563915327606,0.3737262320459809
1,0.7191837754556711,0.033313253425428,-0.2132114837777538,-0.4399826172476423,0.9808063377681424,-0.2313445860019169,-1.0467092368706938,0.3280818110912687,-0.7727649663223426,-0.3704536378627292
0,-0.4390752239579374,-0.035641943858111,-0.7670257186418934,0.9593786283456466,-0.1832545271749159,1.1892649276327372,1.8489788447927555,0.3123941701904986,0.1976964151721112,-0.6001387828962818
0,-1.050577453002302,0.9978091592503076,1.0073434039019402,-1.3339157010489238,-0.2781235348165184,-0.0718237983692119,0.284483291324511,-1.2073288095630144,-0.5216698354907603,-0.605651226377087
1,1.0925439067461478,0.4232528796212089,0.1888633840915849,-0.5748166093940924,1.240451063281117,0.2096177872292325,-0.9794556840742844,1.1783390871753825,-0.611801324968224,-0.168330710233203
0,0.9782213784187652,-0.5306373675607796,0.967692796910519,-1.2557250605197392,0.5322358245836257,0.7923352248902615,-0.3979166172343092,-0.8372620892984134,-0.4691290983456004,-0.710387652512387
1,1.1716889525523844,-0.5597825744863987,1.1338323170352635,-0.6005441625467786,1.1609331288877636,-0.5052389111493196,-0.6666545474040868,0.2009717982598383,-0.7886518605662978,1.292466812180191
0,0.2087473272848824,-0.2091542525946523,-2.550291389837894,1.2267809293793546,-0.6108926866015548,-0.2355077182918512,0.4973665004111861,0.5937258937930283,-0.5573685977858326,-0.5174521306842028
0,-0.4877876204355464,0.5822263270292741,0.3305807942856851,2.127672781695493,-0.6687868830711766,0.2365209291747559,-0.776017908962069,0.5041045626723115,2.5814196586339597,-0.6093261886976239
0,0.2609579410725038,-0.3594342568427069,-1.0185835333743691,1.231042458223086,-0.4303771635615842,0.3563347227780813,0.7971894216332516,0.0547115889093751,-0.0255866079677526,-1.0503216671620448
0,0.2840382414758663,-0.1172277578373429,-1.1596131781515369,-0.4936405168641851,0.3593274586886624,-0.1811229519077555,-0.4753462933898013,-0.3322885909517679,-0.5524570324887434,0.4812188799216835
0,-0.7122513106134305,-0.5259217476746791,1.0776825275243154,2.58924604929648,-1.911239264698044,-0.9936084126946646,1.078055372115193,0.1668666541951677,2.593757430682768,0.2460212914073256
0,-1.028971999011692,0.2743630136789889,-0.6158618613342453,-0.7215072014661368,0.4219637053329224,0.3308290424193331,-0.6978974961581582,-0.294718527336432,-0.6342038920845199,0.1633346391952467
0,-0.9456094843701464,-0.4604991537161343,1.0520123346452652,2.1243383201197883,-2.4906760480403536,-0.5539556087590372,1.1415527992290593,-0.0546257538199562,2.3026067400559804,-0.3245166088560187
0,-1.5525154349198136,-0.1301294178603279,0.0709519982704162,0.4740186501771556,0.9445295487824796,0.3856930023461358,1.1300863184604282,0.1626903789886864,-0.5191428266979385,-5.620137312749605
1,1.400674113667853,-0.1705444844000956,0.6829159083614285,-0.2860500643981622,0.6403270608374824,-0.9675864967625698,-0.7459924499208122,0.1358140016301022,-0.4421797872155734,0.7623534974427518
0,-0.8029571606408243,-0.9608401112879392,-1.4187892321411142,-0.5551904094060509,-0.3786711686794812,-1.4251919995212414,0.24465394927229,0.700146398002607,-0.1033784718150081,0.7871594931063755
0,1.351081860780735,0.0992720076913957,-2.6886345349658862,0.2973176740893697,1.108803466641406,-0.3622463031491977,1.287731799957323,-0.1049287222360638,-0.7594995527494334,-0.1958929276372293
1,0.9699056893926652,0.2119254275628883,-1.302773081670088,0.287170860604089,1.0404119489597656,-0.7492227041661051,-0.8554821730923857,-0.0333629155858435,-0.8449056251208665,-0.1315810870278346
0,0.7955988756354243,0.1509813842718434,-1.5119297709836974,-1.58061771339393,0.111801147682562,0.7987696129353219,0.4275580190238253,-0.6925307839802931,0.2089222510871601,0.0521670289990073
0,-0.038512278897545,-4.032799405649559,-1.40492671974303,-0.8637729613095103,-1.406353717222429,-0.1581084443176882,-0.2329383988151026,-6.6013477251192825,-0.2307519972289888,1.0058197511783176
0,0.4674473322260513,1.438981616443912,0.0399982178723244,-1.0205576259217737,-0.4732055571429803,0.3750787670211875,1.2436328815774458,-1.3751499419870794,0.4820300892094939,-1.339724949904321
0,0.2436649113859583,-0.4320446427330314,-0.602641570387614,1.3525846556212675,-1.4363370619534632,2.27691677299614,1.2966664778792931,0.1988733293964681,0.1305077662090863,0.0797292464030336
0,0.9615086857088032,0.5405629788348961,0.6992701107278181,0.2800998119396757,0.2351733717056798,-0.4363110845947618,-1.2812850307988992,0.2828896591581162,-0.9793539364851312,-0.710387652512387
1,-0.1097247352034215,-0.6616548393169301,-2.3034120904509976,0.1679321239814828,-0.4261817844148737,-0.79615447995433,-0.598324624235145,-0.0468661212689379,-0.8289909575424961,0.3369766088406125
0,0.6038774699113348,0.6938520058153042,-0.5950735692492293,-1.211271979981413,0.3842625316329468,0.3275923459638607,-0.1410361680033464,-0.3661206205222186,-0.3929485436931329,1.2952230339205937
1,1.7696606539081414,-0.4318078501858649,1.0664266259518724,-0.4350662539268515,1.3386289524507935,-0.5892134761596844,0.2460870177645998,0.0815752044706514,-0.6586372855235431,0.7136602466956387
0,0.771102389126665,0.96370166616879,-0.055249940056664,-0.6875378595375883,0.7305472295594667,1.331682813039857,-0.3193945168464335,-0.053319783491821,-0.498053749902685,-0.0488944348157557
0,-1.23941712895214,-0.0155961023897324,0.0181956125987142,1.0851029528528382,-1.565542796957742,-0.8584889710179178,-0.5948598783828272,-0.2711892166749701,2.6419870413580204,0.9176206554854331
0,-0.2409611461527462,0.6351326618470875,0.936294910614352,-1.483929033142599,0.8626438725468423,1.8170180186544111,1.6458264918460612,0.9523418372238284,-0.1806409102732958,0.3112518725968546
1,1.428052908359821,-0.0697740360099235,-0.6625127880087067,0.6311404092655746,1.4140295330500394,-0.980019061959116,-0.8854449743279467,0.2013202642408018,-0.8352526593764971,0.2542899566285336
0,0.247346677135076,0.5615812900762891,-0.1052824307179936,-0.6410986106523495,-0.495371710036262,1.1153175691979282,0.6142279809349658,-1.5581234299178328,1.0876032457095026,-0.3153292030546766
0,-1.287639757654076,0.2365502277814672,1.479163833413936,1.123162125236539,-1.5036818467832764,1.692772063836506,-0.7368994277310276,1.3735926984930649,-0.6763741755507234,-1.1421957251754655
0,-0.3825063951579665,0.036090144926586,0.585658351046898,1.5191255362151317,-2.3825113071547275,-0.1870952931577913,0.1721877695778307,-1.4719993141441083,1.909390899034637,-0.133418568188103
1,-0.1378468335927212,0.0479823959885949,-1.6601409548314772,-1.2805167401181592,0.3591220305532214,-0.4133536786739089,-0.3413061254529649,-0.0370232696625113,-0.2616509256828197,0.291039579833902
0,-0.8573250951976213,1.2622316083253688,0.7628259739843353,-0.1243398672824577,-2.109304948468109,3.230663361240273,1.3227285663673445,-0.2806111271731566,0.2805377690045419,0.1697658232561862
0,0.2161675910606522,-0.6053589817975958,-0.5602115092981523,1.0960808716985364,-1.1971550645566578,1.1458757754146285,-0.2058286367974837,0.0286969317848628,0.1826223619517964,-6.07950760281671
0,-0.5083282717559168,0.9249987489218549,-1.0924646068740789,-0.6291691532239787,0.3773454997188781,-0.0075570617768799,-0.7485533248068791,-0.1189242859981571,-0.4310417989042383,1.4027156817962962
1,0.374038239785226,-1.5185894691647757,-0.5477108910098414,-0.6978704517921946,-1.1331879663398745,-1.1171478920796591,-0.0889964557048923,-0.1762800727883272,0.0724861407979054,0.1311787188905493
0,-4.212021214841581,-0.2743177373451336,-0.010732471205268,2.800039098879006,-3.00636552460422,-0.7669952826724211,3.5992235144093185,-0.8760713745139137,2.610806429304596,-0.5431768669279607
0,0.0246774043130253,0.295101315065176,0.3130401644217627,0.3337917754326622,-1.3302076182559632,0.0267146596525891,0.1153017585430971,1.3146593410649166,2.589354779832928,0.5574743480728229
1,-0.1150458083091534,0.6991475370831091,-2.66923618583308,-0.3034365403169425,0.8688263517029261,-0.0348806584064304,-0.908593423687992,0.3551235820734675,-0.7171408117120665,-0.0580818406170978
1,-0.0230910769642125,0.0490733862081733,1.0964808607970868,-0.7651484827331101,0.5929275675674983,-0.0133461344865732,0.4546247357769976,-0.3114027002972656,-0.55829310949216,1.862085971863401
0,0.9780184532799404,0.3514759539524539,-0.5152457882788087,0.1871682466173664,0.5915035905764255,-0.5013690949226396,-0.8047465071887938,0.1119602881114444,-0.4223626318994802,-0.2234551450412556
0,1.2671553492153496,0.2095608997619598,-2.0148783703116124,-0.4001672923588529,0.6322691692275377,-0.6347959328806226,-0.8180673793141281,0.01002097738297,-0.7988067822310231,-0.3796410436640713
0,-1.5578855763845274,-0.4809400296725491,0.6906256812851095,0.907446434225312,-0.8991377667696366,0.0928773550242959,1.2919908480454456,0.2203412700546323,0.0654094404930612,-0.5505267915690344
0,-0.1475198556138855,-0.7324886804215842,0.0745993878370245,0.9812285849608668,-0.1172029975431056,-0.2553355248963625,0.8301281332364826,0.6838697366935423,0.0631098752539571,-0.6295384814605764
1,-0.2020250658940497,0.2743977924216666,0.912634316773256,-0.7637739399972565,1.2172862531130937,1.0070332024245223,1.609848404828635,1.023374538174966,-0.1917885615171735,0.4371193320752414
0,0.2182077358173698,0.5726773425992893,-0.2693689390127314,0.0325878269019179,0.6335967876263011,-0.3294986692886628,-1.0976807307920218,0.0920813209362876,-0.7703203051621961,0.6860980292916123
1,1.019693299901555,0.4655803482281615,1.2106899015642958,0.9212931943583388,0.5668775861538908,-0.3506781607853068,-0.7506984024488703,0.4957198770664729,-0.6864764068851686,-0.260204768246624
0,-0.3269625552124018,1.0093242252030237,-0.097925968275427,-0.8570735548595777,0.3108076993229251,0.3075025984770687,-0.4853871186382356,0.8709350847231835,-0.6680139157064552,-0.2877669856506503
0,-0.5256862278467356,-0.067194824775839,-2.478471551061744,0.5700778745071023,-0.0095286261131357,-0.2682695647867867,0.7154363682543389,0.4750307401422405,-0.4329304160310541,-0.0773753927999161
0,0.2792782732492415,0.2039246896348694,1.627089704677885,-0.9511528284677866,-0.0275676613136752,0.360100842164073,0.4004657661734664,0.8900475587680744,0.1863854968321579,-0.7930743047244658
0,-0.0180366985836805,-0.001740048229767,-0.3642230759407433,1.4418854665448568,-0.3593699796957828,-0.2084157487188984,-0.77008003871259,0.0969578701604579,0.137808233291429,0.0337922173963231
0,0.7977466044562418,-0.1374189030023583,-1.1225178248849124,0.4564381819336146,0.3113743487895971,-1.07299405212103,-1.0102437469368508,0.1702716111850909,-0.4259688200924733,0.7871594931063755
0,-0.1121407493740404,-0.0763267934582033,0.1928891196232385,0.236230801078268,-0.2181157439906749,-0.3149687780826355,0.5237775898071734,-0.0653491221727235,-0.4072880317207195,-0.4990773190815186
0,0.7403062097749937,-0.0307144282157773,1.2649130220778078,0.8700419995462942,-0.4937051877888594,-0.3957127004420996,0.9032270419356196,0.0265293438154957,-0.7162267833759504,-0.2767420986890398
0,-0.1825038603423476,-0.291137040274004,-0.3524634141865579,1.5352576243997318,-1.7931029152232,-0.0033047688041994,1.2437127756802626,0.2174422531466007,2.4954604897274866,-0.1132062754251504
0,0.0793852987282829,1.9946591038284,0.9649476319535806,-0.1297872932110705,-0.4663399198162278,1.070457771396894,0.5237155800680579,-0.1292888023220319,-0.7635661584074807,-0.0167385145110583
